Date,ID,Gender,Age,Income,Context,Impression Cost
2015-01-01 12:00:02,4620864431353617408,Male,25-34,High,Blog,0.001713
2015-01-01 12:00:04,3365479180556158976,Female,35-44,Medium,News,0.002762
2015-01-01 12:00:05,5239785226806161408,Female,>54,Medium,Shopping,0.001632
2015-01-01 12:00:06,8530398223564990464,Female,<25,Medium,Social Media,0.000000
2015-01-01 12:00:10,399593948382193664,Male,<25,Low,Social Media,0.002064
2015-01-01 12:00:11,5694894591373382656,Female,<25,Medium,Shopping,0.000000
2015-01-01 12:00:13,1804784971213607936,Female,>54,Medium,News,0.001954
2015-01-01 12:00:13,4350042328721430528,Female,>54,Low,News,0.002172
2015-01-01 12:00:14,4029628267337302016,Female,25-34,Medium,News,0.000000
2015-01-01 12:00:18,4042695101021739008,Female,45-54,Low,Social Media,0.002265
2015-01-01 12:00:20,526798779215907840,Female,>54,Medium,Shopping,0.002635
2015-01-01 12:00:22,273445315714970624,Female,45-54,Medium,Blog,0.000000
2015-01-01 12:00:23,2329969091165122560,Female,25-34,Low,Shopping,0.002755
2015-01-01 12:00:23,2685156443013557248,Female,45-54,Medium,Blog,0.002196
2015-01-01 12:00:24,2647683543576804352,Female,<25,Low,Shopping,0.002704
2015-01-01 12:00:24,8307017307393685504,Female,<25,Medium,Shopping,0.000000
2015-01-01 12:00:25,8988131206684964864,Male,25-34,Medium,News,0.001544
2015-01-01 12:00:26,5242265658534560768,Male,45-54,Medium,Social Media,0.002314
2015-01-01 12:00:28,8213940264363045888,Female,>54,High,Social Media,0.001900
2015-01-01 12:00:30,7393478991700484096,Female,25-34,High,News,0.001729
2015-01-01 12:00:32,286246070344851456,Female,35-44,High,Social Media,0.000000
2015-01-01 12:00:34,6798422954630044672,Female,25-34,Medium,News,0.000000
2015-01-01 12:00:35,5789343882470104064,Female,<25,High,Blog,0.002759
2015-01-01 12:00:37,770400661095493632,Female,<25,Medium,News,0.000000
2015-01-01 12:00:38,4430801931637240832,Female,35-44,Medium,Shopping,0.000000
2015-01-01 12:00:39,1962917461792028672,Male,>54,High,Shopping,0.001714
2015-01-01 12:00:40,2738670803147678720,Male,35-44,Medium,Blog,0.000000
2015-01-01 12:00:43,5517764124505708544,Female,25-34,Low,News,0.000000
2015-01-01 12:00:44,6998542006371500032,Male,35-44,Low,Social Media,0.000000
2015-01-01 12:00:44,5806034710106619904,Female,35-44,Low,Social Media,0.002109
2015-01-01 12:00:45,7903257931776160768,Female,45-54,Medium,Social Media,0.000000
2015-01-01 12:00:45,6299367539013098496,Female,25-34,Low,Social Media,0.002899
2015-01-01 12:00:46,8013919447841666048,Male,<25,Medium,News,0.002025
2015-01-01 12:00:50,3043780919371133952,Male,25-34,Medium,Blog,0.002279
2015-01-01 12:00:53,5296377634686410752,Female,<25,Low,Blog,0.000000
2015-01-01 12:00:54,652057158199319552,Male,35-44,High,Shopping,0.001350
2015-01-01 12:00:54,5515164853005508608,Male,35-44,Medium,Blog,0.002702
2015-01-01 12:00:55,544128967388940288,Female,<25,Medium,News,0.000000
2015-01-01 12:00:57,8147334407641911296,Female,>54,Low,Shopping,0.001800
2015-01-01 12:01:02,8071352640186215424,Female,45-54,Low,Blog,0.001414
2015-01-01 12:01:02,5589255912725967872,Female,>54,Medium,Shopping,0.000000
2015-01-01 12:01:08,337602545666647040,Female,<25,Medium,Shopping,0.000000
2015-01-01 12:01:10,195473706896224256,Male,>54,Medium,Shopping,0.002013
2015-01-01 12:01:12,4495064594124015616,Male,45-54,Medium,Social Media,0.000000
2015-01-01 12:01:13,5230153892129234944,Female,25-34,Medium,News,0.002765
2015-01-01 12:01:14,8324600788971414528,Male,35-44,High,Social Media,0.000000
2015-01-01 12:01:14,3126694543524312064,Female,45-54,Low,Shopping,0.002858
2015-01-01 12:01:15,8655725103790048256,Female,25-34,High,Blog,0.001521
2015-01-01 12:01:18,8401106139065869312,Female,25-34,Medium,Social Media,0.002272
2015-01-01 12:01:18,8895519749317550080,Female,25-34,High,Shopping,0.000000
2015-01-01 12:01:18,5819254586130495488,Male,45-54,Low,Shopping,0.000000
2015-01-01 12:01:20,8446836234130009088,Female,>54,Low,Social Media,0.001515
2015-01-01 12:01:21,6152229510254613504,Male,25-34,Medium,Blog,0.000000
2015-01-01 12:01:21,8933984332236668928,Female,25-34,Low,Blog,0.000000
2015-01-01 12:01:22,8988002815234235392,Male,<25,Medium,Social Media,0.000000
2015-01-01 12:01:25,6487139546184780800,Female,45-54,Medium,News,0.000000
2015-01-01 12:01:25,367861766167808000,Female,>54,Medium,Shopping,0.000000
2015-01-01 12:01:25,1561189349679616000,Female,45-54,Low,Social Media,0.000000
2015-01-01 12:01:25,7474868784220677120,Male,<25,Medium,News,0.002867
2015-01-01 12:01:27,5834920180972681216,Female,>54,Low,Shopping,0.002278
2015-01-01 12:01:29,6729073397529999360,Female,<25,Medium,Shopping,0.000000
2015-01-01 12:01:29,4040219610156093440,Male,25-34,Medium,News,0.000000
2015-01-01 12:01:32,1215423424280072192,Female,<25,Low,Shopping,0.002545
2015-01-01 12:01:35,3347038228889451520,Female,<25,Low,News,0.001335
2015-01-01 12:01:37,1792729719733593088,Female,25-34,Low,Shopping,0.002533
2015-01-01 12:01:37,3188071018982956032,Female,25-34,Low,Shopping,0.002661
2015-01-01 12:01:38,6986453155896770560,Male,<25,Medium,Shopping,0.000000
2015-01-01 12:01:41,1633620485754268672,Female,25-34,Medium,Shopping,0.002232
2015-01-01 12:01:43,2375483991984741376,Male,45-54,Low,Social Media,0.000000
2015-01-01 12:01:43,5616822718609560576,Female,45-54,Medium,Shopping,0.001027
2015-01-01 12:01:44,8855479051772914688,Female,45-54,Medium,Shopping,0.000000
2015-01-01 12:01:44,3491201624992748544,Male,35-44,Low,Shopping,0.000000
2015-01-01 12:01:47,77467061554330624,Female,25-34,Low,News,0.000000
2015-01-01 12:01:50,7279621208778989568,Female,25-34,High,News,0.000000
2015-01-01 12:01:51,6396523974284462080,Female,45-54,Medium,Shopping,0.000000
2015-01-01 12:01:55,633227299514243072,Female,>54,High,Shopping,0.000000
2015-01-01 12:01:56,7643282813446577152,Female,35-44,Low,Blog,0.001744
2015-01-01 12:01:57,1561313297093937152,Female,>54,Low,Shopping,0.000000
2015-01-01 12:02:01,6714554617329511424,Female,<25,Medium,Shopping,0.000000
2015-01-01 12:02:02,1815964526133161984,Male,25-34,Low,Shopping,0.001118
2015-01-01 12:02:04,5804544594370137088,Male,25-34,Medium,News,0.000000
2015-01-01 12:02:05,392745757444603904,Female,35-44,Medium,Social Media,0.001490
2015-01-01 12:02:05,912161141635965952,Female,45-54,High,Shopping,0.001524
2015-01-01 12:02:05,1848120141892441088,Female,>54,Medium,Blog,0.000000
2015-01-01 12:02:06,1277480883056123904,Female,25-34,Medium,Blog,0.002804
2015-01-01 12:02:09,4094749412794401792,Female,35-44,Medium,Shopping,0.000000
2015-01-01 12:02:11,3448432899198750720,Male,35-44,Low,Blog,0.002386
2015-01-01 12:02:15,8258324901844704256,Male,35-44,Medium,News,0.000000
2015-01-01 12:02:20,1427006249836567552,Male,25-34,Medium,Social Media,0.002228
2015-01-01 12:02:23,6021657025114261504,Male,>54,Low,Blog,0.002697
2015-01-01 12:02:24,5682881575021602816,Male,45-54,Low,Shopping,0.001610
2015-01-01 12:02:28,1891039008824157184,Female,35-44,Low,Social Media,0.000000
2015-01-01 12:02:29,3329563133030467584,Female,>54,Low,Social Media,0.000000
2015-01-01 12:02:30,8294801566275783680,Male,45-54,High,News,0.001809
2015-01-01 12:02:30,1040993337601938432,Male,25-34,Low,News,0.000000
2015-01-01 12:02:31,5001747568426996736,Female,25-34,High,News,0.000000
2015-01-01 12:02:32,6069806389020663808,Female,25-34,Medium,Shopping,0.000000
2015-01-01 12:02:33,6736772475527632896,Female,25-34,High,News,0.002452
2015-01-01 12:02:33,8609889477717565440,Female,35-44,Medium,Social Media,0.000000
2015-01-01 12:02:35,7842272004672731136,Female,<25,High,Blog,0.000000
2015-01-01 12:02:36,3392930790715106304,Female,45-54,Low,Shopping,0.002353
2015-01-01 12:02:37,9183103970977244160,Female,35-44,Medium,Shopping,0.000000
2015-01-01 12:02:39,8239720256705944576,Female,25-34,High,Blog,0.002175
2015-01-01 12:02:40,60378744526926848,Female,35-44,Medium,News,0.002208
2015-01-01 12:02:41,7180976645894125568,Male,35-44,Medium,Social Media,0.002661
2015-01-01 12:02:43,1459917193213725696,Female,35-44,Medium,Blog,0.002226
2015-01-01 12:02:44,4117376822409163776,Male,45-54,Low,News,0.002044
2015-01-01 12:02:44,8226202706483271680,Male,25-34,Low,Social Media,0.000000
2015-01-01 12:02:50,2082108735088207872,Female,35-44,Medium,Blog,0.000000
2015-01-01 12:02:51,9059966445509168128,Female,35-44,Low,Social Media,0.001267
2015-01-01 12:02:54,3777890599251549184,Female,25-34,Low,Social Media,0.002057
2015-01-01 12:02:55,7962674948171804672,Female,<25,High,Social Media,0.000000
2015-01-01 12:02:56,3158557711701613568,Male,25-34,Medium,News,0.000000
2015-01-01 12:03:06,8583402849412078592,Female,<25,Medium,Shopping,0.000000
2015-01-01 12:03:09,1849949968259779584,Female,45-54,Medium,News,0.000000
2015-01-01 12:03:09,762482491581339648,Female,>54,Medium,News,0.001100
2015-01-01 12:03:11,8957607326115494912,Female,<25,Medium,Social Media,0.002056
2015-01-01 12:03:11,4188784022343311360,Female,35-44,Low,Social Media,0.000000
2015-01-01 12:03:11,711448516888045568,Male,<25,Low,Social Media,0.002564
2015-01-01 12:03:15,6241455435322534912,Female,>54,Medium,Shopping,0.001561
2015-01-01 12:03:17,1208103568457626624,Male,45-54,Medium,Shopping,0.001300
2015-01-01 12:03:19,1087377290105016320,Female,25-34,Low,Blog,0.001051
2015-01-01 12:03:19,6661445952285306880,Female,35-44,Medium,News,0.002805
2015-01-01 12:03:20,8965677462194087936,Female,45-54,Medium,Shopping,0.000000
2015-01-01 12:03:20,1185848903507487744,Male,45-54,High,Shopping,0.001693
2015-01-01 12:03:21,4118821133323465728,Male,35-44,Medium,News,0.000000
2015-01-01 12:03:21,7618178785166741504,Female,25-34,Low,News,0.000000
2015-01-01 12:03:22,6825738960989979648,Male,25-34,Medium,Social Media,0.000000
2015-01-01 12:03:23,6202006224593186816,Female,<25,Medium,Social Media,0.000000
2015-01-01 12:03:25,3478499748698382336,Male,45-54,Medium,News,0.000000
2015-01-01 12:03:26,8237530147543600128,Female,<25,Medium,News,0.000000
2015-01-01 12:03:27,2705546810203046912,Female,25-34,Medium,News,0.001563
2015-01-01 12:03:31,3557797599307047936,Female,35-44,High,News,0.000000
2015-01-01 12:03:35,2197342429280095232,Female,25-34,Low,News,0.000000
2015-01-01 12:03:39,6074939244097618944,Male,35-44,High,Shopping,0.001570
2015-01-01 12:03:42,5352811938526628864,Female,<25,Medium,Social Media,0.000000
2015-01-01 12:03:44,5680322100135030784,Female,35-44,Medium,News,0.000000
2015-01-01 12:03:44,7020766315442915328,Female,<25,Medium,Shopping,0.002240
2015-01-01 12:03:45,4091462852356898816,Female,35-44,Medium,Shopping,0.001487
2015-01-01 12:03:45,8759460406312996864,Male,45-54,Medium,Social Media,0.002927
2015-01-01 12:03:45,9186043583596248064,Female,35-44,Medium,Shopping,0.000000
2015-01-01 12:03:48,7375754838836782080,Female,25-34,Low,Social Media,0.000000
2015-01-01 12:03:51,2141011749868327936,Female,<25,Low,Shopping,0.001175
2015-01-01 12:03:53,7830475698531869696,Female,25-34,Medium,News,0.000000
2015-01-01 12:03:54,8021134561321143296,Female,35-44,Low,News,0.002257
2015-01-01 12:03:57,3717714598308624384,Male,>54,Low,Social Media,0.000000
2015-01-01 12:03:59,8509670069018278912,Male,<25,Medium,Social Media,0.000000
2015-01-01 12:04:01,2636490262648117248,Female,<25,High,Social Media,0.001074
2015-01-01 12:04:01,6914557677771060224,Male,<25,Low,Social Media,0.000000
2015-01-01 12:04:02,1867503644931863552,Female,25-34,Low,Shopping,0.001870
2015-01-01 12:04:04,1162345557141671936,Male,35-44,High,Blog,0.001569
2015-01-01 12:04:04,7292005879620313088,Female,>54,Medium,News,0.001393
2015-01-01 12:04:08,8370837523317244928,Male,25-34,Medium,News,0.001296
2015-01-01 12:04:11,6036375673276099584,Male,45-54,Medium,Blog,0.002301
2015-01-01 12:04:11,2104688206066433024,Female,<25,Medium,Shopping,0.000000
2015-01-01 12:04:16,640311747950845952,Female,>54,Medium,Shopping,0.002811
2015-01-01 12:04:16,4939249792086664192,Female,<25,Low,Shopping,0.000000
2015-01-01 12:04:17,189403576679692288,Female,45-54,Medium,Shopping,0.000000
2015-01-01 12:04:20,972330454637827072,Male,25-34,Medium,Shopping,0.000000
2015-01-01 12:04:20,8003181486907710464,Male,<25,High,Social Media,0.000000
2015-01-01 12:04:20,5742690580959982592,Male,25-34,High,Shopping,0.001778
2015-01-01 12:04:21,9122854420332386304,Female,45-54,Medium,Shopping,0.001049
2015-01-01 12:04:24,5196295339247659008,Male,<25,Medium,News,0.000000
2015-01-01 12:04:24,8188336310277779456,Female,<25,Medium,News,0.000000
2015-01-01 12:04:25,5217170615204436992,Female,45-54,Medium,Blog,0.001928
2015-01-01 12:04:28,8888617747751376896,Male,25-34,Medium,News,0.002786
2015-01-01 12:04:31,205606833684416512,Female,25-34,Medium,News,0.000000
2015-01-01 12:04:31,1864859253754263552,Female,45-54,Low,Blog,0.000000
2015-01-01 12:04:31,101074451845087232,Female,35-44,Low,Social Media,0.000000
2015-01-01 12:04:33,6930387376300271616,Female,>54,Medium,News,0.002766
2015-01-01 12:04:34,4736080617064787968,Male,35-44,Medium,News,0.000000
2015-01-01 12:04:34,9205559084602150912,Female,35-44,Medium,News,0.002569
2015-01-01 12:04:37,1270453612205094912,Female,25-34,Medium,Social Media,0.000000
2015-01-01 12:04:37,1866718248504646656,Female,25-34,Medium,Shopping,0.000000
2015-01-01 12:04:38,6699634785281484800,Female,45-54,High,Blog,0.001403
2015-01-01 12:04:40,7288564463812114432,Female,35-44,Low,News,0.000000
2015-01-01 12:04:42,3716445894552245248,Male,45-54,Medium,Shopping,0.001201
2015-01-01 12:04:42,8252904170347394048,Female,35-44,Low,Blog,0.000000
2015-01-01 12:04:47,9021060735011033088,Female,25-34,Low,Social Media,0.001636
2015-01-01 12:04:48,7796649450192845824,Male,<25,Low,Social Media,0.001629
2015-01-01 12:04:51,7547460874633055232,Male,25-34,Medium,Blog,0.000000
2015-01-01 12:04:53,4803820087781608448,Female,<25,Medium,Shopping,0.000000
2015-01-01 12:04:54,2349538785308397568,Male,>54,Medium,News,0.002173
2015-01-01 12:04:56,7134290440537189376,Male,25-34,High,Social Media,0.002187
2015-01-01 12:04:57,1996541507099625472,Female,25-34,Medium,News,0.000000
2015-01-01 12:04:59,5904041041495089152,Female,45-54,Low,News,0.000000
2015-01-01 12:05:03,1133756361796028416,Female,<25,Low,News,0.000000
2015-01-01 12:05:03,4937487657139030016,Male,>54,High,Social Media,0.000000
2015-01-01 12:05:07,3691269452024577024,Female,25-34,Medium,Social Media,0.002892
2015-01-01 12:05:08,5394746549647330304,Female,25-34,Medium,Social Media,0.000000
2015-01-01 12:05:09,7269781961526709248,Female,35-44,Medium,Shopping,0.000000
2015-01-01 12:05:10,1236756824575696896,Male,>54,High,News,0.000000
2015-01-01 12:05:11,293314908311736320,Female,35-44,Low,Social Media,0.001711
2015-01-01 12:05:11,5006360810820967424,Female,35-44,Low,News,0.000000
2015-01-01 12:05:14,770464108227295232,Male,<25,Medium,Social Media,0.000000
2015-01-01 12:05:17,7236556511171155968,Male,>54,Low,News,0.000000
2015-01-01 12:05:19,1266668790166308864,Female,45-54,Low,Shopping,0.000000
2015-01-01 12:05:21,7083713138233374720,Male,45-54,Medium,Social Media,0.000000
2015-01-01 12:05:26,897136624938672128,Male,35-44,Low,Shopping,0.000000
2015-01-01 12:05:26,2646733480710866944,Female,45-54,Medium,Social Media,0.000000
2015-01-01 12:05:26,2110292756355823616,Male,25-34,Low,Shopping,0.001408
2015-01-01 12:05:26,3039660257196956672,Male,35-44,Medium,Blog,0.002604
2015-01-01 12:05:28,56467399063205888,Female,<25,Low,News,0.000000
2015-01-01 12:05:32,8085900114874888192,Female,25-34,Low,Social Media,0.000000
2015-01-01 12:05:32,616151163857500160,Female,<25,High,Blog,0.000000
2015-01-01 12:05:32,8866427446516025344,Male,25-34,Low,Social Media,0.002625
2015-01-01 12:05:33,7695490593511379968,Female,>54,High,Social Media,0.001175
2015-01-01 12:05:38,773888251945246720,Male,25-34,Low,News,0.000000
2015-01-01 12:05:44,9131865707167016960,Female,<25,Low,Blog,0.002626
2015-01-01 12:05:45,2701862432177155072,Female,25-34,Medium,Blog,0.000000
2015-01-01 12:05:47,4033231570324092928,Female,45-54,Medium,Shopping,0.000000
2015-01-01 12:05:48,3113764252255504384,Male,35-44,Low,Shopping,0.001649
2015-01-01 12:05:50,1486624282754235392,Male,45-54,Low,Social Media,0.001663
2015-01-01 12:05:51,390351694288290816,Female,25-34,Medium,Social Media,0.000000
2015-01-01 12:05:51,3288162586619277312,Male,<25,Low,Shopping,0.002734
2015-01-01 12:05:52,5016509612719698944,Female,<25,Medium,Social Media,0.002702
2015-01-01 12:05:53,2230199559202604032,Male,<25,Medium,Shopping,0.000000
2015-01-01 12:05:53,6738599480786065408,Female,>54,High,Shopping,0.001863
2015-01-01 12:05:54,3900807392572003328,Female,35-44,Medium,News,0.001717
2015-01-01 12:05:56,8720652211871763456,Male,>54,High,News,0.002551
2015-01-01 12:05:57,3559150512762181632,Female,45-54,High,Social Media,0.002914
2015-01-01 12:05:57,5333638037916289024,Male,>54,Medium,Social Media,0.000000
2015-01-01 12:05:59,5800387014480944128,Male,25-34,Low,News,0.002817
2015-01-01 12:06:01,4289366920911020032,Female,45-54,High,Social Media,0.000000
2015-01-01 12:06:04,1962935478770467840,Male,<25,Medium,Blog,0.001044
2015-01-01 12:06:06,7987094254090628096,Male,25-34,Medium,Blog,0.002756
2015-01-01 12:06:08,21231695120251904,Female,<25,Medium,Social Media,0.000000
2015-01-01 12:06:11,6307982709504997376,Female,>54,Medium,Blog,0.000000
2015-01-01 12:06:13,5230163695545420800,Female,<25,Medium,Social Media,0.002985
2015-01-01 12:06:13,9122723102090959872,Male,25-34,High,News,0.000000
2015-01-01 12:06:15,1637489288832696320,Male,35-44,Medium,Shopping,0.000000
2015-01-01 12:06:17,5208869728474735616,Female,45-54,Medium,Social Media,0.001273
2015-01-01 12:06:19,936982586979892224,Female,35-44,Medium,News,0.002796
2015-01-01 12:06:20,6976330337827022848,Female,35-44,High,News,0.001228
2015-01-01 12:06:20,1252797324332901376,Female,<25,Medium,Shopping,0.000000
2015-01-01 12:06:24,7071132480081074176,Female,45-54,Medium,Social Media,0.000000
2015-01-01 12:06:26,5032750128922769408,Male,45-54,Medium,Blog,0.000000
2015-01-01 12:06:28,5558079408541357056,Female,25-34,High,News,0.000000
2015-01-01 12:06:29,5024355283837802496,Female,>54,Medium,Social Media,0.002092
2015-01-01 12:06:32,821091824813681664,Male,25-34,Medium,News,0.000000
2015-01-01 12:06:37,4176769234609457152,Female,35-44,Low,News,0.000000
2015-01-01 12:06:40,6792655839237661696,Male,>54,High,Shopping,0.001305
2015-01-01 12:06:47,8530410366403243008,Female,45-54,High,Social Media,0.000000
2015-01-01 12:06:47,8860704869855579136,Female,25-34,High,Shopping,0.002404
2015-01-01 12:06:48,708949508270806016,Female,45-54,Medium,Shopping,0.000000
2015-01-01 12:06:53,4440031266958869504,Female,35-44,Low,Shopping,0.000000
2015-01-01 12:06:54,8683015285480293376,Female,<25,Medium,Shopping,0.000000
2015-01-01 12:06:57,6728863945369372672,Female,35-44,Medium,Shopping,0.001476
2015-01-01 12:06:59,7242876707967491072,Female,25-34,Low,Social Media,0.000000
2015-01-01 12:06:59,4993218359252061184,Female,25-34,Medium,Shopping,0.001601
2015-01-01 12:06:59,7867421666271576064,Male,<25,Medium,Blog,0.000000
2015-01-01 12:07:03,3731456201010340864,Male,>54,Medium,News,0.000000
2015-01-01 12:07:06,5761568070054984704,Female,<25,High,Shopping,0.000000
2015-01-01 12:07:07,4342072385556919296,Male,>54,Medium,News,0.000000
2015-01-01 12:07:08,1267384665136782336,Female,35-44,Low,Blog,0.000000
2015-01-01 12:07:10,9063067224738149376,Female,45-54,High,Shopping,0.001245
2015-01-01 12:07:10,9007444443643585536,Female,35-44,Medium,Shopping,0.002738
2015-01-01 12:07:11,3960288857070336000,Male,25-34,High,Shopping,0.002720
2015-01-01 12:07:12,1115518435950551040,Male,45-54,Medium,Shopping,0.000000
2015-01-01 12:07:13,3297710257522252800,Male,45-54,High,Social Media,0.000000
2015-01-01 12:07:14,8491166183807137792,Male,25-34,Medium,Shopping,0.002944
2015-01-01 12:07:15,86179544522768384,Female,<25,High,Social Media,0.000000
2015-01-01 12:07:17,6664017004846544896,Female,<25,Low,Blog,0.001430
2015-01-01 12:07:17,2157642754014866432,Female,<25,High,Social Media,0.000000
2015-01-01 12:07:19,8519404287138347008,Female,35-44,Low,Blog,0.000000
2015-01-01 12:07:21,3203088032983075840,Male,25-34,Low,News,0.000000
2015-01-01 12:07:23,4814705624454004736,Female,45-54,Medium,Blog,0.000000
2015-01-01 12:07:24,8620113877332395008,Female,35-44,Medium,Blog,0.002183
2015-01-01 12:07:26,3265565664006810624,Female,45-54,Medium,News,0.000000
2015-01-01 12:07:26,7228529817535457280,Male,<25,Medium,News,0.002990
2015-01-01 12:07:27,6401848515962423296,Female,35-44,Low,News,0.000000
2015-01-01 12:07:29,5904716430197338112,Female,45-54,Low,Shopping,0.000000
2015-01-01 12:07:30,2260239023917001728,Male,45-54,Low,News,0.002652
2015-01-01 12:07:30,1677216152908516352,Female,45-54,Medium,News,0.001691
2015-01-01 12:07:31,6626947307449391104,Male,45-54,High,Shopping,0.001037
2015-01-01 12:07:32,6194744146071669760,Female,45-54,Low,Shopping,0.001580
2015-01-01 12:07:40,5375753654840583168,Female,35-44,Medium,Shopping,0.001323
2015-01-01 12:07:40,3779802552071422976,Male,<25,Low,Social Media,0.002541
2015-01-01 12:07:44,123787267234437120,Male,<25,Medium,Social Media,0.000000
2015-01-01 12:07:44,397391481094144,Female,25-34,Low,News,0.000000
2015-01-01 12:07:49,4669763112807614464,Female,35-44,Medium,News,0.000000
2015-01-01 12:07:50,531387419010864128,Male,>54,High,News,0.002373
2015-01-01 12:07:50,93579487326834688,Female,>54,Low,Shopping,0.002576
2015-01-01 12:07:52,5833042606312137728,Male,>54,Medium,Social Media,0.000000
2015-01-01 12:07:54,7084442801344250880,Male,<25,High,Social Media,0.002104
2015-01-01 12:07:54,6822434009709490176,Female,35-44,Medium,Social Media,0.002839
2015-01-01 12:07:58,4335285150021945344,Female,35-44,Medium,Shopping,0.002174
2015-01-01 12:07:59,7754199505844261888,Female,25-34,High,Shopping,0.000000
2015-01-01 12:07:59,2703695687778741248,Male,25-34,Low,News,0.000000
2015-01-01 12:07:59,1067798754614038528,Female,<25,High,News,0.000000
2015-01-01 12:08:02,5733982351821177856,Female,<25,Medium,Social Media,0.000000
2015-01-01 12:08:04,338850387312616448,Male,<25,Medium,News,0.000000
2015-01-01 12:08:12,8440046326549135360,Female,45-54,Medium,News,0.000000
2015-01-01 12:08:14,8547566985404865536,Female,45-54,Medium,News,0.000000
2015-01-01 12:08:16,4930959214115887104,Female,25-34,Low,News,0.002685
2015-01-01 12:08:18,3950603989846048768,Male,35-44,Medium,Social Media,0.002658
2015-01-01 12:08:20,1815534708935128064,Female,45-54,Medium,Social Media,0.000000
2015-01-01 12:08:20,5703054472240891904,Male,>54,Low,Blog,0.000000
2015-01-01 12:08:21,5638580293168269312,Female,25-34,High,Blog,0.002293
2015-01-01 12:08:24,2503482560725669888,Male,25-34,Low,Blog,0.002633
2015-01-01 12:08:26,2175883826414849024,Female,25-34,Low,News,0.000000
2015-01-01 12:08:27,618555971455601664,Female,35-44,Medium,News,0.001209
2015-01-01 12:08:30,7195875095170670592,Female,25-34,Medium,Social Media,0.000000
2015-01-01 12:08:33,3599168567259771904,Male,<25,Medium,Shopping,0.002720
2015-01-01 12:08:35,3782422286303791104,Male,35-44,Medium,Blog,0.000000
2015-01-01 12:08:36,5384147703306046464,Female,25-34,Low,Social Media,0.001238
2015-01-01 12:08:37,1606754807375076352,Female,35-44,High,Shopping,0.000000
2015-01-01 12:08:38,7080219246329090048,Male,>54,Medium,Social Media,0.000000
2015-01-01 12:08:40,3554076592271351808,Female,>54,Medium,News,0.000000
2015-01-01 12:08:43,3504902005475714048,Female,25-34,Low,Social Media,0.000000
2015-01-01 12:08:44,3278758621261402112,Male,35-44,Medium,Shopping,0.002281
2015-01-01 12:08:44,5933127011439593472,Female,35-44,Medium,Blog,0.002070
2015-01-01 12:08:45,8292776619016588288,Female,25-34,Medium,News,0.000000
2015-01-01 12:08:46,365695382769369088,Male,45-54,Medium,Shopping,0.001798
2015-01-01 12:08:48,1537652385265820672,Male,25-34,High,Social Media,0.000000
2015-01-01 12:08:48,5561916223708609536,Female,35-44,High,Social Media,0.000000
2015-01-01 12:08:48,5693163756219086848,Female,>54,Medium,Social Media,0.002653
2015-01-01 12:08:49,1212493832281217024,Female,35-44,Low,News,0.001460
2015-01-01 12:08:49,1676380335909217280,Male,25-34,Medium,Blog,0.001650
2015-01-01 12:08:51,2201630127300333568,Female,35-44,Medium,Social Media,0.000000
2015-01-01 12:08:51,1505487299836367872,Female,25-34,Medium,Shopping,0.000000
2015-01-01 12:08:55,8129539850061001728,Female,25-34,Medium,News,0.002787
2015-01-01 12:08:56,7637109623811558400,Female,45-54,Low,Social Media,0.000000
2015-01-01 12:08:57,6883118016450205696,Male,35-44,Low,News,0.000000
2015-01-01 12:08:58,1858062120979017728,Female,45-54,Medium,News,0.001597
2015-01-01 12:08:59,9047679123513239552,Female,45-54,High,Social Media,0.002153
2015-01-01 12:08:59,1445641423957377024,Male,35-44,Medium,Shopping,0.000000
2015-01-01 12:09:01,3078654388257021952,Female,<25,Medium,Social Media,0.000000
2015-01-01 12:09:01,8368243021244614656,Female,35-44,Low,Social Media,0.001394
2015-01-01 12:09:03,6746358724852526080,Female,45-54,Low,Shopping,0.002807
2015-01-01 12:09:04,600805659568468992,Male,<25,Medium,Blog,0.000000
2015-01-01 12:09:04,4399766237855591424,Female,25-34,High,Shopping,0.000000
2015-01-01 12:09:04,515298933836426240,Female,>54,Low,News,0.001911
2015-01-01 12:09:05,3520898306316654592,Female,<25,Low,Blog,0.000000
2015-01-01 12:09:06,8318740569300530176,Female,35-44,Medium,News,0.001839
2015-01-01 12:09:10,8488575521168476160,Female,45-54,High,Shopping,0.000000
2015-01-01 12:09:12,7105511183448114176,Male,>54,Medium,Shopping,0.000000
2015-01-01 12:09:14,8600405258560687104,Female,>54,Low,News,0.001983
2015-01-01 12:09:19,7747502760346268672,Female,35-44,Medium,Shopping,0.000000
2015-01-01 12:09:20,1517508651201688576,Female,25-34,Medium,Social Media,0.001832
2015-01-01 12:09:21,2951454391388937216,Female,<25,Low,News,0.002094
2015-01-01 12:09:22,3665002213323590656,Female,25-34,High,Social Media,0.002878
2015-01-01 12:09:23,2843738657325069312,Male,<25,Low,News,0.000000
2015-01-01 12:09:26,6135372649151107072,Female,35-44,High,Blog,0.001575
2015-01-01 12:09:32,7036896591131265024,Male,45-54,Medium,Social Media,0.002335
2015-01-01 12:09:33,616178940642802688,Female,45-54,Low,Shopping,0.002661
2015-01-01 12:09:34,7864664463349534720,Female,<25,Medium,Shopping,0.000000
2015-01-01 12:09:35,4985501919434925056,Male,<25,Low,Shopping,0.001090
2015-01-01 12:09:35,1317399779888856064,Female,25-34,Low,Social Media,0.000000
2015-01-01 12:09:36,2891502484322538496,Female,35-44,Low,Shopping,0.000000
2015-01-01 12:09:40,5901145211964154880,Female,45-54,Medium,Social Media,0.000000
2015-01-01 12:09:40,8572824844465624064,Male,25-34,Medium,News,0.001481
2015-01-01 12:09:41,1660189685261168640,Female,<25,Medium,Shopping,0.000000
2015-01-01 12:09:42,8425898672254229504,Female,25-34,Low,News,0.002513
2015-01-01 12:09:44,918347254971568128,Female,35-44,Medium,Shopping,0.001886
2015-01-01 12:09:45,2573555462428061696,Female,>54,Low,Shopping,0.001817
2015-01-01 12:09:47,3759557919295996928,Female,35-44,Medium,News,0.001255
2015-01-01 12:09:48,7001226566234113024,Male,<25,High,Blog,0.002627
2015-01-01 12:09:49,707028327489708032,Female,25-34,Medium,News,0.002298
2015-01-01 12:09:54,3400213691150213120,Female,45-54,Low,Shopping,0.000000
2015-01-01 12:09:54,5688328338704863232,Female,25-34,Medium,News,0.001492
2015-01-01 12:09:55,9111234890052288512,Female,<25,Low,Social Media,0.002232
2015-01-01 12:09:56,795472898665837568,Female,25-34,Medium,Shopping,0.002077
2015-01-01 12:09:59,6551292964851732480,Male,>54,Low,Blog,0.000000
2015-01-01 12:10:00,6686636119503974400,Female,35-44,High,Social Media,0.000000
2015-01-01 12:10:02,4861123107668747264,Female,<25,Low,Social Media,0.000000
2015-01-01 12:10:06,660983070550227968,Female,25-34,Medium,Shopping,0.000000
2015-01-01 12:10:06,7268126828074380288,Male,45-54,High,Social Media,0.002381
2015-01-01 12:10:08,6974097175623275520,Male,<25,Low,Social Media,0.001780
2015-01-01 12:10:10,6150923875296295936,Male,>54,Medium,Shopping,0.002346
2015-01-01 12:10:11,1826503070348699648,Female,>54,Low,Blog,0.002266
2015-01-01 12:10:14,1810585034630504448,Male,45-54,Medium,News,0.000000
2015-01-01 12:10:16,3752852641189047296,Female,35-44,Medium,Shopping,0.001673
2015-01-01 12:10:16,5770390552825479168,Female,25-34,Medium,Social Media,0.000000
2015-01-01 12:10:17,3240499122641908736,Female,>54,Medium,News,0.000000
2015-01-01 12:10:17,3652501483170263040,Female,<25,Medium,Blog,0.001870
2015-01-01 12:10:17,8516505065432651776,Female,35-44,Low,News,0.000000
2015-01-01 12:10:18,4963844476974373888,Female,35-44,Medium,News,0.002222
2015-01-01 12:10:18,7750024102321077248,Female,<25,Low,Blog,0.001849
2015-01-01 12:10:20,5997885851683177472,Male,25-34,High,News,0.001485
2015-01-01 12:10:21,1974001440261276672,Female,35-44,Medium,News,0.000000
2015-01-01 12:10:26,2638630696741057536,Male,35-44,High,Social Media,0.002770
2015-01-01 12:10:28,8680730641014076416,Female,25-34,Low,Shopping,0.000000
2015-01-01 12:10:30,4226213869564419072,Female,<25,High,Social Media,0.000000
2015-01-01 12:10:32,2608958175266096128,Male,35-44,Medium,Social Media,0.002403
2015-01-01 12:10:32,5810606354479801344,Male,35-44,Low,Blog,0.000000
2015-01-01 12:10:33,1267957146557302784,Male,45-54,High,Social Media,0.002832
2015-01-01 12:10:34,4562264701326009344,Female,45-54,High,Blog,0.000000
2015-01-01 12:10:36,229996741791960064,Female,>54,Medium,Blog,0.000000
2015-01-01 12:10:37,1856879367389677568,Female,35-44,Low,Blog,0.000000
2015-01-01 12:10:38,4826324218568954880,Female,35-44,Medium,Social Media,0.002695
2015-01-01 12:10:39,2499795757806802944,Female,<25,Low,Blog,0.000000
2015-01-01 12:10:42,7990375183739002880,Female,25-34,Medium,Blog,0.002604
2015-01-01 12:10:43,3334649978696392704,Female,35-44,Low,Blog,0.001595
2015-01-01 12:10:43,2709478468685272064,Female,<25,Low,Shopping,0.001105
2015-01-01 12:10:44,5887641033299734528,Male,25-34,Medium,Blog,0.001351
2015-01-01 12:10:47,5310955266525229056,Female,<25,Medium,Social Media,0.000000
2015-01-01 12:10:47,4204509355254762496,Male,35-44,Medium,Social Media,0.000000
2015-01-01 12:10:49,71022829201514496,Female,25-34,Medium,Social Media,0.001662
2015-01-01 12:10:50,8948972284648623104,Male,<25,High,Social Media,0.002455
2015-01-01 12:10:52,2239295248921202688,Female,45-54,Low,Shopping,0.001693
2015-01-01 12:10:52,4118519496894262272,Female,25-34,High,News,0.000000
2015-01-01 12:10:53,8344641030522984448,Male,35-44,High,Blog,0.002754
2015-01-01 12:10:53,176514428320861184,Female,>54,Low,Social Media,0.001283
2015-01-01 12:10:56,5707925451522172928,Female,45-54,Low,News,0.002951
2015-01-01 12:10:56,9014981427304474624,Female,35-44,High,Blog,0.000000
2015-01-01 12:10:59,8303304828477372416,Female,45-54,Medium,News,0.000000
2015-01-01 12:11:02,8282791685150322688,Male,35-44,Medium,News,0.001510
2015-01-01 12:11:03,3255881685751382016,Male,35-44,Medium,Shopping,0.000000
2015-01-01 12:11:03,8335971486986663936,Male,<25,Medium,News,0.000000
2015-01-01 12:11:04,4225599283164612608,Female,35-44,Low,Social Media,0.002416
2015-01-01 12:11:06,2200151267514799104,Female,<25,Medium,Blog,0.002290
2015-01-01 12:11:10,2538396347986015232,Male,<25,Medium,Shopping,0.002251
2015-01-01 12:11:10,2789048729159386112,Female,25-34,Medium,Blog,0.000000
2015-01-01 12:11:12,1429902317528781824,Female,45-54,Low,Blog,0.000000
2015-01-01 12:11:12,693284510105346048,Male,>54,Low,Shopping,0.002070
2015-01-01 12:11:21,1204592395485832192,Male,45-54,Low,Social Media,0.000000
2015-01-01 12:11:25,2166107040426502144,Female,35-44,Medium,News,0.000000
2015-01-01 12:11:27,1207520080234104832,Male,>54,High,Social Media,0.000000
2015-01-01 12:11:30,4839407186178505728,Female,25-34,Medium,Blog,0.002546
2015-01-01 12:11:31,3189388234173592576,Female,35-44,High,Shopping,0.000000
2015-01-01 12:11:31,3861874158519171072,Female,25-34,Low,Shopping,0.000000
2015-01-01 12:11:32,1494700993874321408,Male,35-44,High,Social Media,0.000000
2015-01-01 12:11:33,5810500451596674048,Male,25-34,Medium,Social Media,0.002679
2015-01-01 12:11:43,6082401128093805568,Male,45-54,Medium,News,0.000000
2015-01-01 12:11:44,86223933625330688,Female,35-44,Low,News,0.002440
2015-01-01 12:11:46,443669229296334848,Female,45-54,Low,News,0.000000
2015-01-01 12:11:48,8588384229429799936,Female,>54,Low,News,0.001487
2015-01-01 12:11:48,174791564861514752,Male,35-44,High,Shopping,0.000000
2015-01-01 12:11:49,5458500874079346688,Female,25-34,Medium,News,0.002709
2015-01-01 12:11:50,2931106052051189760,Female,<25,Medium,Shopping,0.002364
2015-01-01 12:11:53,8287646815289696256,Female,<25,High,Blog,0.000000
2015-01-01 12:11:53,6041916891403066368,Female,35-44,Low,News,0.000000
2015-01-01 12:11:54,6930022032177540096,Female,45-54,High,Shopping,0.002608
2015-01-01 12:11:55,78524013936503808,Female,45-54,Medium,Shopping,0.000000
2015-01-01 12:11:57,5349666430974839808,Female,35-44,Medium,Social Media,0.000000
2015-01-01 12:11:59,7019879742585630720,Female,35-44,Medium,News,0.001389
2015-01-01 12:12:00,8029761823752286208,Female,35-44,Low,News,0.001608
2015-01-01 12:12:03,5181809228792933376,Female,<25,Medium,News,0.002532
2015-01-01 12:12:05,2814231044161127424,Female,25-34,Low,Social Media,0.000000
2015-01-01 12:12:07,8373393639141597184,Female,45-54,Medium,News,0.000000
2015-01-01 12:12:08,5069946886052574208,Female,45-54,Medium,News,0.000000
2015-01-01 12:12:12,6229273883748937728,Female,25-34,Medium,News,0.001127
2015-01-01 12:12:12,3269439730435637248,Female,45-54,Low,Blog,0.002268
2015-01-01 12:12:13,4064127950879372288,Female,45-54,Medium,Social Media,0.001460
2015-01-01 12:12:18,2273343468273888256,Male,45-54,Medium,News,0.002668
2015-01-01 12:12:19,1259706265636389888,Female,25-34,High,Social Media,0.000000
2015-01-01 12:12:20,8823202744167064576,Female,35-44,Low,Social Media,0.000000
2015-01-01 12:12:22,8510860216832531456,Female,35-44,Low,News,0.000000
2015-01-01 12:12:25,1013502164919928832,Female,35-44,High,News,0.002180
2015-01-01 12:12:28,7364940894005781504,Male,45-54,Medium,Shopping,0.002506
2015-01-01 12:12:29,7928515372481310720,Male,25-34,Medium,Social Media,0.000000
2015-01-01 12:12:30,4117270526482871296,Female,45-54,High,Social Media,0.000000
2015-01-01 12:12:32,33829305582515200,Male,25-34,Medium,Blog,0.001050
2015-01-01 12:12:36,6321773390706996224,Female,45-54,Low,News,0.001422
2015-01-01 12:12:39,4029197203446606848,Female,>54,Medium,Social Media,0.000000
2015-01-01 12:12:39,7547866212075302912,Female,<25,Low,News,0.001591
2015-01-01 12:12:39,4283495344127591424,Male,25-34,Medium,Shopping,0.002489
2015-01-01 12:12:42,1372634753476944896,Female,35-44,Medium,News,0.000000
2015-01-01 12:12:44,6193290873453855744,Male,45-54,Medium,News,0.000000
2015-01-01 12:12:45,178317866455856128,Female,>54,Low,News,0.000000
2015-01-01 12:12:46,8334664998343589888,Female,35-44,Medium,Social Media,0.001511
2015-01-01 12:12:47,8757659324457174016,Male,25-34,Medium,Blog,0.000000
2015-01-01 12:12:48,4836113673900889088,Female,25-34,Medium,Blog,0.000000
2015-01-01 12:12:51,5860825493045561344,Female,45-54,High,Blog,0.002294
2015-01-01 12:12:52,423744950626601984,Female,45-54,Medium,News,0.000000
2015-01-01 12:12:54,7830291790671451136,Female,45-54,Medium,Social Media,0.002886
2015-01-01 12:12:58,3588132191684719616,Female,>54,High,Shopping,0.001950
2015-01-01 12:13:02,4004134235030588416,Female,35-44,Medium,Social Media,0.001644
2015-01-01 12:13:04,3311475761830786048,Male,<25,High,Shopping,0.002600
2015-01-01 12:13:04,1616736767135252480,Female,>54,Medium,Shopping,0.001010
2015-01-01 12:13:06,5538361598095511552,Male,>54,Medium,News,0.001595
2015-01-01 12:13:07,4078710387988031488,Female,25-34,Medium,Shopping,0.001971
2015-01-01 12:13:08,3816952192235928576,Female,<25,Medium,News,0.000000
2015-01-01 12:13:11,3434401998632675328,Female,35-44,Medium,Social Media,0.002081
2015-01-01 12:13:11,1290169237795657728,Female,<25,Low,Shopping,0.001448
2015-01-01 12:13:20,6199364019708320768,Male,35-44,High,Blog,0.001835
2015-01-01 12:13:20,1140401032462921728,Female,25-34,Low,Shopping,0.001385
2015-01-01 12:13:21,2097626100321196032,Male,45-54,Low,News,0.000000
2015-01-01 12:13:21,7866514143059768320,Female,<25,Low,Social Media,0.002742
2015-01-01 12:13:22,3115728474983747584,Female,25-34,Medium,Social Media,0.000000
2015-01-01 12:13:23,2991127713768659968,Female,25-34,Medium,News,0.002424
2015-01-01 12:13:29,541444280568916992,Male,45-54,Medium,News,0.000000
2015-01-01 12:13:30,7642900903220508672,Female,35-44,Medium,Blog,0.000000
2015-01-01 12:13:36,5203056114594633728,Female,35-44,Medium,Shopping,0.000000
2015-01-01 12:13:37,3759904073351689216,Female,25-34,Medium,Blog,0.001259
2015-01-01 12:13:37,1261691480307385344,Female,35-44,Medium,Social Media,0.000000
2015-01-01 12:13:38,4433095506875376640,Female,25-34,Medium,Social Media,0.001633
2015-01-01 12:13:42,6597850656783083520,Male,35-44,High,Shopping,0.001126
2015-01-01 12:13:43,7837668590508016640,Female,45-54,Medium,Blog,0.000000
2015-01-01 12:13:51,2493524476681658368,Female,35-44,High,Shopping,0.001783
2015-01-01 12:13:55,4306459851727042560,Female,45-54,High,Shopping,0.001318
2015-01-01 12:13:56,5457511099275973632,Female,<25,Low,Shopping,0.002279
2015-01-01 12:13:57,4836770835491728384,Male,25-34,Low,Shopping,0.000000
2015-01-01 12:14:00,6270980438469797888,Female,25-34,Medium,Blog,0.000000
2015-01-01 12:14:00,3539714415985476608,Female,45-54,High,Social Media,0.000000
2015-01-01 12:14:03,411795453731062784,Female,35-44,Low,Blog,0.001218
2015-01-01 12:14:04,3971883132555396096,Female,25-34,Medium,Social Media,0.001981
2015-01-01 12:14:05,8090633578489729024,Female,<25,Medium,Shopping,0.000000
